<?xml version="1.0" encoding="utf-8"?>
<odoo>
		<data>
				<template id="PO_11_document" name="Clean Template">
						<!-- Multicompany -->
						<t t-if="o and 'company_id' in o">
								<t t-set="company" t-value="o.company_id"></t>
						</t>
						<t t-if="not o or not 'company_id' in o">
								<t t-set="company" t-value="res_company"></t>
						</t>
						<div class="header col-12" t-attf-style="display: inline-block;border:2px solid {{style.theme_color}};padding-bottom:0px; padding-left:0px; padding-right:0px; color:{{style.text_color}} !important;font-size:{{int(style.header_font)}}px !important;font-family:{{style.font_family}} !important;">
								<t t-if="style.header">
										<div t-attf-class="col-6 float-left mt32" style="display: flex;">
												<t t-set="strong_style" t-value="'white-space:nowrap;'"/>
												<t t-set="div_style" t-value="'background-color:{}; color: {};padding:8px;width:auto;margin-bottom:8px;margin-right:8px;'.format(style.theme_color,style.theme_txt_color)"/>
												<div t-if="o.name" t-attf-style="{{div_style}}">
														<strong t-if="o.state not in ['draft']" t-attf-style="{{strong_style}}">Purchase Order #: </strong>
														<strong t-if="o.state in ['draft']" t-attf-style="{{strong_style}}">RFQ #: </strong>
														<span t-field="o.name"/>
												</div>
												<div t-if="o.date_order" t-attf-style="{{div_style}}">
														<strong  t-attf-style="{{strong_style}}">Order Date: </strong>
														<span t-field="o.date_order"/>
												</div>
												<div t-if="o.date_planned" t-attf-style="{{div_style}}">
														<strong t-attf-style="{{strong_style}}">Scheduled Date: </strong>
														<span t-field="o.date_planned"/>
												</div>
												<div t-if="o.name" t-attf-style="{{div_style}}">
														<strong t-attf-style="{{strong_style}}">Our Reference: </strong>
														<span t-field="o.name"/>
												</div>
												<div t-if="o.fiscal_position_id" t-attf-style="{{div_style}}">
														<strong t-attf-style="{{strong_style}}">Fiscal Position: </strong>
														<span t-field="o.fiscal_position_id"/>
												</div>
												<div t-if="o.partner_ref" t-attf-style="{{div_style}}">
														<strong t-attf-style="{{strong_style}}">Your Reference: </strong>
														<span t-field="o.partner_ref"/>
												</div>
										</div>
										<div class="col-6 float-right" style="padding-right:0px;">
												<span t-if="style.logo">
														<img  t-att-src="image_data_uri(style.logo)" alt="Logo"/>
												</span>
												<span t-if="not style.logo and company.logo">
														<img  t-att-src="image_data_uri(company.logo)" alt="Logo"/>
												</span>
												<span t-if="not style.logo and not company.logo">
														<img  t-att-src="image_data_uri(company.logo)" alt="Logo"/>
												</span>
												<div t-if="company.twitter or company.facebook or company.facebook" t-attf-style="background-color:{{style.theme_color}}; width:auto; float:right; padding-left:15px; color:{{style.theme_txt_color}}; padding-right:15px; padding-top:4px; padding-bottom:2px; margin-right:15px; white-space:nowrap;" class="float-right mb8">
														<span t-if="company.twitter" style="padding-left:0px;" class="fa fa-twitter-square "/>&#160;<span t-field="company.twitter"/>
														<span t-if="company.facebook" style="padding-left:13px;" class="fa fa-facebook-square "/>&#160;<span t-field="company.facebook"/>
														<span t-if="company.youtube" style="padding-left:13px;" class="fa fa-youtube-square "/>&#160;<span t-field="company.youtube" />
												</div>
										</div>
								</t>
						</div> <!--end of Header-->
						<!-- START OF PAGE -->
						<div class="article page" t-attf-style="color:{{style.text_color}} !important;font-size:{{int(style.body_font)}}px !important;font-family:{{style.font_family}} !important;">
								<div class="col-12" t-attf-style="white-space:pre-line;color:#{style.wm_color};left:#{style.leftpadding}mm; top:#{style.toppadding}mm;font-size:#{style.fontsize}px; opacity:#{style.opacity};z-index:-99; -webkit-transform:rotate(-#{style.rotate}deg);position:fixed;"><t t-esc="style.wm_eval(o, time, user, res_company)"/></div>
								<t t-set="div_class" t-value="'col-4 float-left'"></t>
								<div t-attf-class="#{div_class}">
										<span  t-attf-style="font-size:{{int(style.body_font)+6}}px; font-weight:bold;">Vendor Address:</span>
										<div t-if="o.partner_id" t-attf-style="color:{{style.cust_color}};font-size:{{int(style.body_font)+6}}px;font-weight:500;"> 
												<t t-if="o.partner_id.parent_id">
														<span t-field="o.partner_id.parent_id"/>, <span t-if="o.partner_id.title" t-field="o.partner_id.title"/> <span t-field="o.partner_id.name"/>
												</t>
												<t t-if="not o.partner_id.parent_id">
														<span t-if="o.partner_id.title" t-field="o.partner_id.title"/> <span t-field="o.partner_id"/>
												</t>
										</div>
										<address t-field="o.partner_id" style="margin-bottom:0px;" t-options='{"widget": "contact", "fields":["address","phone","email","website"],"no_marker": false}'/>
										<span t-if="o.partner_id.vat">VAT: <span t-field="o.partner_id.vat"/></span>
								</div>
								<div t-attf-class="#{div_class}">
										<span t-attf-style="font-size:{{int(style.body_font)+6}}px;font-weight:bold;">Shipping Address:</span>
										<address t-if="o.dest_address_id" t-field="o.dest_address_id" style="margin-bottom:0px;" 
												t-options='{"widget": "contact", "fields":["name", "address","phone","email","website"],"no_marker": false}'/>
										<address t-if="not o.dest_address_id and o.picking_type_id and o.picking_type_id.warehouse_id" t-field="o.picking_type_id.warehouse_id.partner_id" style="margin-bottom:0px;" 
												t-options='{"widget": "contact", "fields":["name", "address","phone","email","website"],"no_marker": false}'/>
								</div>
								<div t-attf-class="#{div_class} text-right" style="padding-bottom:2px;padding-left:0px;">
										<div style="width:auto;padding-left:15px;">
												<t t-call="professional_templates.company_address"/>
										</div>
								</div>
								<!-- DATA-->
								<t t-call="professional_templates.purchase_lines"/>
								<!--/DATA-->
						</div><!--End of PAGE-->
						<!--FOOTER -->
						<div class="footer" t-attf-style="font-size:{{style.footer_font}}px !important;font-family:{{style.font_family}} !important;">
								<t t-call="professional_templates.company_footer"/>
						</div>
						<!--/FOOTER-->
				</template>

		</data>
</odoo>
