<?xml version="1.0" encoding="utf-8"?>
<odoo>
    <data>
        <template id="DN_3_document" name="Retro Template">
            <!-- Multicompany -->
            <t t-if="o and 'company_id' in o">
                <t t-set="company" t-value="o.company_id"></t>
            </t>
            <t t-if="not o or not 'company_id' in o">
                <t t-set="company" t-value="res_company"></t>
            </t>
            <div t-attf-style="padding-bottom:0px; padding-left:0px; padding-right:0px; color:{{style.text_color}} !important;font-size:{{int(style.header_font)}}px !important;font-family:{{style.font_family}} !important;" class="header">
                <t t-if="style.header">
                    <div class="col-7 float-right" style="padding-bottom:10px; text-align:right; padding-left:0px; padding-right:0px;">
                        <div t-if="style.logo" style="width:100%;text-align:right; padding-bottom:8px;">
                            <img  t-att-src="image_data_uri(style.logo)" alt="Logo"/>
                        </div>
                        <div t-if="not style.logo and company.logo" style="width:100%; text-align:right;padding-bottom:8px;">
                            <img  t-att-src="image_data_uri(company.logo)" alt="Logo"/>
                        </div>
                        <div t-if="not style.logo and not company.logo" style="width:100%;text-align:right;padding-bottom:8px;">
                            <img  t-att-src="image_data_uri(company.logo)" alt="Logo"/>
                        </div>
                        <div t-if="company.twitter or company.facebook or company.youtube" t-attf-style="background-color:{{style.theme_color}}; width:auto; float:right; padding-left:15px; color:{{style.theme_txt_color}}; padding-right:15px; padding-top:2px; padding-bottom:2px;" class="float-right">
                            <span t-if="company.twitter" style="padding-left:0px;" class="fa fa-twitter-square "/>&#160;<span t-field="company.twitter"/>
                            <span t-if="company.facebook" style="padding-left:13px;" class="fa fa-facebook-square "/>&#160;<span t-field="company.facebook"/>
                            <span t-if="company.youtube" style="padding-left:13px;" class="fa fa-youtube-square "/>&#160;<span t-field="company.youtube" />
                        </div>
                    </div>
                    <div class="col-5 mb8 float-left" style="padding-bottom:2px;padding-left:0px;">
                        <t t-call="professional_templates.company_address"/>
                    </div>
                </t>
            </div> <!--end of Header-->
            <!-- START OF PAGE -->
            <div class="article page" t-attf-style="color:{{style.text_color}} !important;font-size:{{int(style.body_font)}}px !important;font-family:{{style.font_family}} !important;">
                <div class="col-12" t-attf-style="white-space:pre-line;color:#{style.wm_color};left:#{style.leftpadding}mm; top:#{style.toppadding}mm;font-size:#{style.fontsize}px; opacity:#{style.opacity};z-index:-99; -webkit-transform:rotate(-#{style.rotate}deg);position:fixed;"><t t-esc="style.wm_eval(o, time, user, res_company)"/></div>
                <div class="col-12 float-left" style="padding-left:0px; padding-right:0px; "> 
                    <div  t-attf-style="float:left; width:auto; max-width:100%; margin-top:0px;padding-top:1px;padding-left:15px;padding-right:15px;color:{{style.theme_txt_color}} !important;background-color:{{style.theme_color}} !important;">
                        <h3 style="margin-top:10px;">
                            <span>Delivery Note  </span>
                            <span t-field="o.name"/>
                        </h3>
                    </div>
                </div>

                <div class="col-12 float-left" style="padding-left:0px; padding-right:0px;"><!--start of wrapper -->
                    <div class="col-6 float-left">
                        <div class="float-left" style="padding-top:5px; padding-bottom:0px; width:100%;">
                            <span t-attf-style="font-size:{{int(style.body_font)+6}}px;font-weight:bold;">
                                    Customer Address</span>
                            </div>
                            <div class="float-left" style="width:100%;">
                                <div t-if="o.partner_id" t-attf-style="font-size:{{int(style.body_font)+6}}px;color:{{style.cust_color}}; margin-top:2px; margin-bottom:5px; margin-left:0px;"> 
                                    <t t-if="o.partner_id.parent_id">
                                        <span t-field="o.partner_id.parent_id"/>, <span t-if="o.partner_id.title" t-field="o.partner_id.title"/> <span t-field="o.partner_id.name"/>
                                    </t>
                                    <t t-if="not o.partner_id.parent_id">
                                        <span t-if="o.partner_id.title" t-field="o.partner_id.title"/> <span t-field="o.partner_id"/>
                                    </t>

                                </div>
                                <div t-field="o.partner_id" style="margin-bottom:0px;"
                                    t-options='{"widget": "contact", "fields": ["address", "name", "phone",  "email", "website"]}'/>
                                <span t-if="o.partner_id.vat">VAT: <span t-field="o.partner_id.vat"/></span>
                            </div>
                        </div>
                        <div class="col-6 float-right" style="text-align:right;">
                            <span t-attf-style="font-size:{{int(style.body_font)+6}}px; font-weight:bold;">Delivery Address</span>

                            <div t-if="o.move_lines and o.move_lines[0].partner_id and o.move_lines[0].partner_id.id != o.partner_id.id">
                                <div>
                                    <address t-field="o.move_lines[0].partner_id" style="margin-bottom:0px;"
                                        t-options='{"widget": "contact", "fields": ["address", "name", "phone",  "email", "website"]}'/>
                                </div>
                            </div>
                            <div t-if="(o.move_lines and o.move_lines[0].partner_id and o.move_lines[0].partner_id.id == o.partner_id.id) or 
                                o.move_lines and not o.move_lines[0].partner_id">
                            <address t-field="o.partner_id"
                                t-options='{"widget": "contact", "fields": ["address", "name", "phone",  "website", "email"]}'/>
                        </div>
                    </div>

                </div> <!--end of wrapper2-->
                <div class="col-12 float-left mt8 mb8" t-attf-style="padding-left:0px; padding-right:0px;">
                    <t t-set="div_style" t-value="'color:{}; background-color:{} !important; padding-left:8px; padding-right:8px;padding-top:8px; width:auto;float:left; margin-right:15px;font-size:{}px;'.format(style.theme_txt_color, style.theme_color, int(style.body_font)+2)"></t>

                    <div t-if="o.picking_type_id" t-attf-style="{{div_style}}">
                        <strong style="white-space:nowrap;">Order (Origin):</strong>
                        <p style="white-space:nowrap;" t-field="o.picking_type_id"/>
                    </div>
                    <div t-if="o.sudo().sale_id.client_order_ref" t-attf-style="{{div_style}}">
                        <strong style="white-space:nowrap;">Customer Reference:</strong>
                        <p style="white-space:nowrap;" t-field="o.sudo().sale_id.client_order_ref"/>
                    </div>
                    <div id="div_sched_date" t-if="o.scheduled_date" t-attf-style="{{div_style}}">
                        <strong style="white-space:nowrap;">Scheduled Date:</strong>
                        <p style="white-space:nowrap;" t-field="o.scheduled_date"/>
                    </div>
                </div>
                <div class="col-12 float-left" style="padding:4px;"/>
                    <!-- DATA-->
                <t t-call="professional_templates.delivery_lines"/>
                    <!--/DATA-->
            </div><!--End of PAGE-->
            <!--FOOTER -->
            <div class="footer" t-attf-style="font-size:{{style.footer_font}}px !important;font-family:{{style.font_family}} !important;">
                <t t-call="professional_templates.company_footer"/>
            </div>
            <!--/FOOTER-->

        </template>
    </data>
</odoo>
