<?xml version="1.0" encoding="utf-8"?>
<odoo>
    <data>
        <template id="DN_9_document" name="Slim Template">
            <!-- Multicompany -->
            <t t-if="o and 'company_id' in o">
                <t t-set="company" t-value="o.company_id"></t>
            </t>
            <t t-if="not o or not 'company_id' in o">
                <t t-set="company" t-value="res_company"></t>
            </t>
            <div class="header col-12" t-attf-style="padding-bottom:0px; padding-left:0px; padding-right:0px; color:{{style.text_color}} !important;font-size:{{int(style.header_font)}}px !important;font-family:{{style.font_family}} !important;">
                <t t-if="style.header">
                    <div class="col-12 float-left mb8">
                        <div t-attf-class="mt32 #{'col-3 float-left' if o.name else 'col-6 float-left'}" t-attf-style="padding-left:0px;color:{{style.theme_color}};">
                            <h3>
                                <span style="white-space:nowrap;">DELIVERY NOTE</span>
                            </h3>
                        </div>
                        <div t-if="o.name" class="col-3 float-left mt32 text-right" style="padding-left:0px;">
                            <h3 t-attf-style="background-color:{{style.theme_color}}; color:{{style.theme_txt_color}};display: inline-block;padding-left:4px;padding-right:4px;" t-field="o.name"/>
                        </div>
                        <div class="col-6 float-right text-right" style="padding-right:0px;">
                            <span t-if="style.logo">
                                <span itemprop="image" t-field="style.logo" t-options='{"widget": "image", "style": "float:right;"}'/>
                            </span>
                            <span t-if="not style.logo and company.logo">
                                <span itemprop="image" t-field="company.logo" t-options='{"widget": "image", "style": "float:right;"}'/>
                            </span>
                            <span t-if="not style.logo and not company.logo">
                                <span itemprop="image" t-field="company.logo" t-options='{"widget": "image", "style": "float:right;"}'/>
                            </span>
                            <div t-if="company.twitter or company.facebook or company.facebook" t-attf-style="background-color:{{style.theme_color}}; width:auto; float:right; padding-left:15px; color:{{style.theme_txt_color}}; padding-right:15px; padding-top:4px; padding-bottom:2px;" class="float-right mb8">
                                <span t-if="company.twitter" style="padding-left:0px;" class="fa fa-twitter-square "/>&#160;<span t-field="company.twitter"/>
                                <span t-if="company.facebook" style="padding-left:13px;" class="fa fa-facebook-square "/>&#160;<span t-field="company.facebook"/>
                                <span t-if="company.youtube" style="padding-left:13px;" class="fa fa-youtube-square "/>&#160;<span t-field="company.youtube" />
                            </div>
                        </div>
                    </div>
                </t>
            </div> <!--end of Header-->
            <!-- START OF PAGE -->
            <div class="article page" t-attf-style="color:{{style.text_color}} !important;font-size:{{int(style.body_font)}}px !important;font-family:{{style.font_family}} !important;">
                <div class="col-12" t-attf-style="white-space:pre-line;color:#{style.wm_color};left:#{style.leftpadding}mm; top:#{style.toppadding}mm;font-size:#{style.fontsize}px; opacity:#{style.opacity};z-index:-99; -webkit-transform:rotate(-#{style.rotate}deg);position:fixed;"><t t-esc="style.wm_eval(o, time, user, res_company)"/></div>
                <t t-set="div_class" t-value="'col-4'"></t>
                <div  t-attf-class="#{div_class} float-left mb8">
                    <span t-attf-style="font-size:{{int(style.body_font)+6}}px; font-weight:bold;">From:</span>
                    <t t-call="professional_templates.company_address"/>
                </div>
                <div t-attf-class="#{div_class} float-left">
                    <span  t-attf-style="font-size:{{int(style.body_font)+6}}px; font-weight:bold;">Customer Address:</span>
                    <div t-if="o.move_lines and o.move_lines[0].partner_id" t-attf-style="color:{{style.cust_color}};font-size:{{int(style.body_font)+6}}px;font-weight:500;"> 
                        <t t-if="o.move_lines[0].partner_id.parent_id">
                            <span t-field="o.move_lines[0].partner_id.parent_id"/>, <span t-if="o.move_lines[0].partner_id.title" t-field="o.move_lines[0].partner_id.title"/> <span t-field="o.move_lines[0].partner_id.name"/>
                        </t>
                        <t t-if="not o.move_lines[0].partner_id.parent_id">
                            <span t-if="o.move_lines[0].partner_id.title" t-field="o.move_lines[0].partner_id.title"/> <span t-field="o.move_lines[0].partner_id"/>
                        </t>
                    </div>
                    <div t-if="not (o.move_lines and o.move_lines[0].partner_id) and o.partner_id" t-attf-style="color:{{style.cust_color}};font-size:{{int(style.body_font)+6}}px;font-weight:500;"> 
                        <t t-if="o.partner_id.parent_id">
                            <span t-field="o.partner_id.parent_id"/>, <span t-if="o.partner_id.title" t-field="o.partner_id.title"/> <span t-field="o.partner_id.name"/>
                        </t>
                        <t t-if="not o.partner_id.parent_id">
                            <span t-if="o.partner_id.title" t-field="o.partner_id.title"/> <span t-field="o.partner_id"/>
                        </t>
                    </div>
                    <address t-if="o.move_lines and o.move_lines[0].partner_id" t-field="o.partner_id" style="margin-bottom:0px;" t-options='{"widget": "contact", "fields":["address","phone","email","website"],"no_marker": false}'/>
                    <address t-if="not (o.move_lines and o.move_lines[0].partner_id) and o.partner_id" t-field="o.partner_id" style="margin-bottom:0px;" t-options='{"widget": "contact", "fields":["address","phone","email","website"],"no_marker": false}'/>
                </div>
                <div t-attf-class="#{div_class} float-right mt8">
                    <ul> 
                        <div t-if="o.name">
                            <strong style="white-space:nowrap;">Delivery Note #: </strong>
                            <span t-field="o.name"/>
                        </div>
                        <div t-if="o.picking_type_id">
                            <strong style="white-space:nowrap;">Origin: </strong>
                            <span t-field="o.picking_type_id"/>
                        </div>
                        <div t-if="o.scheduled_date">
                            <strong style="white-space:nowrap;">Scheduled Date: </strong>
                            <span t-field="o.scheduled_date"/>
                        </div>
                        <div t-if="o.picking_type_id.code == 'outgoing' and o.carrier_id">
                            <strong style="white-space:nowrap;">Carrier: </strong>
                            <span t-field="o.carrier_id"/>
                        </div>
                        <div t-if="o.origin">
                            <strong style="white-space:nowrap;">Source Document: </strong>
                            <span t-field="o.origin"/>
                        </div>
                        <div t-if="o.sudo().sale_id.client_order_ref">
                            <strong style="white-space:nowrap;">Customer Reference: </strong>
                            <span t-field="o.sudo().sale_id.client_order_ref"/>
                        </div>
                        <div t-if="o.weight">
                            <strong style="white-space:nowrap;">Weight: </strong>
                            <span t-field="o.weight"/>
                        </div>
                    </ul> 
                </div>
                <!-- DATA-->
                <t t-call="professional_templates.delivery_lines"/>
                    <!--/DATA-->
            </div><!--End of PAGE-->
            <!--FOOTER -->
            <div class="footer" t-attf-style="font-size:{{style.footer_font}}px !important;font-family:{{style.font_family}} !important;">
                <t t-call="professional_templates.company_footer"/>
            </div>
            <!--/FOOTER-->
        </template>

    </data>
</odoo>
