<?xml version="1.0" encoding="utf-8"?>
<odoo>
		<data>
				<template id="RFQ_6_document" name="Band Template">
						<!-- Multicompany -->
						<t t-if="o and 'company_id' in o">
								<t t-set="company" t-value="o.company_id"></t>
						</t>
						<t t-if="not o or not 'company_id' in o">
								<t t-set="company" t-value="res_company"></t>
						</t>
						<div class="header col-12" t-attf-style="padding-bottom:0px; padding-left:0px; padding-right:0px; color:{{style.text_color}} !important;font-size:{{int(style.header_font)}}px !important;font-family:{{style.font_family}} !important;">
								<t t-if="style.header">
										<div class="col-12 mb8" t-attf-style="height:30px; background-color:{{style.theme_color}}"/>
										<div class="col-5 float-left mb8" style="padding-bottom:2px;padding-left:0px;">
												<div style="width:auto;padding-left:15px;">
														<t t-call="professional_templates.company_address"/>
												</div>
										</div>
										<div class="col-7 float-right text-right" style="padding-right:0px;">
												<span t-if="style.logo">
														<img  t-att-src="image_data_uri(style.logo)" alt="Logo"/>
												</span>
												<span t-if="not style.logo and company.logo">
														<img  t-att-src="image_data_uri(company.logo)" alt="Logo"/>
												</span>
												<span t-if="not style.logo and not company.logo">
														<img  t-att-src="image_data_uri(company.logo)" alt="Logo"/>
												</span>
												<div t-if="company.twitter or company.facebook or company.facebook" t-attf-style="background-color:{{style.theme_color}}; width:auto; float:right; padding-left:15px; color:{{style.theme_txt_color}}; padding-right:15px; padding-top:4px; padding-bottom:2px;" class="float-right mb8">
														<span t-if="company.twitter" style="padding-left:0px;" class="fa fa-twitter-square "/>&#160;<span t-field="company.twitter"/>
														<span t-if="company.facebook" style="padding-left:13px;" class="fa fa-facebook-square "/>&#160;<span t-field="company.facebook"/>
														<span t-if="company.youtube" style="padding-left:13px;" class="fa fa-youtube-square "/>&#160;<span t-field="company.youtube" />
												</div>
										</div>
								</t>
						</div> <!--end of Header-->
						<!-- START OF PAGE -->
						<div class="article page" t-attf-style="color:{{style.text_color}} !important;font-size:{{int(style.body_font)}}px !important;font-family:{{style.font_family}} !important;">
								<div class="col-12" t-attf-style="white-space:pre-line;color:#{style.wm_color};left:#{style.leftpadding}mm; top:#{style.toppadding}mm;font-size:#{style.fontsize}px; opacity:#{style.opacity};z-index:-99; -webkit-transform:rotate(-#{style.rotate}deg);position:fixed;"><t t-esc="style.wm_eval(o, time, user, res_company)"/></div>
								<t t-set="div_class" t-value="'col-6'"></t>
								<div t-attf-class="#{div_class} float-left">
										<span t-attf-style="font-size:{{int(style.body_font)+6}}px; font-weight:bold;">Vendor Address:</span>
										<div t-if="o.partner_id" t-attf-style="color:{{style.cust_color}};font-size:{{int(style.body_font)+6}}px;font-weight:500;"> 
												<t t-if="o.partner_id.parent_id">
														<span t-field="o.partner_id.parent_id"/>, <span t-if="o.partner_id.title" t-field="o.partner_id.title"/> <span t-field="o.partner_id.name"/>
												</t>
												<t t-if="not o.partner_id.parent_id">
														<span t-if="o.partner_id.title" t-field="o.partner_id.title"/> <span t-field="o.partner_id"/>
												</t>
										</div>
										<address t-field="o.partner_id" style="margin-bottom:0px;" t-options='{"widget": "contact", "fields":["address","phone","email","website"],"no_marker": false}'/>
										<span t-if="o.partner_id.vat">VAT: <span t-field="o.partner_id.vat"/></span>
								</div>
								<div t-attf-class="#{div_class} text-right float-right">
										<span t-attf-style="font-size:{{int(style.body_font)+6}}px;font-weight:bold;">Shipping Address:</span>
										<address t-if="o.dest_address_id" t-field="o.dest_address_id" style="margin-bottom:0px;" 
												t-options='{"widget": "contact", "fields":["name", "address","phone","email","website"],"no_marker": false}'/>
										<address t-if="not o.dest_address_id and o.picking_type_id and o.picking_type_id.warehouse_id" t-field="o.picking_type_id.warehouse_id.partner_id" style="margin-bottom:0px;" 
												t-options='{"widget": "contact", "fields":["name", "address","phone","email","website"],"no_marker": false}'/>
								</div>
								<div class="col-12 float-left mt8 mb8" t-attf-style="padding-left:0px;padding-right:0px;border-top:2px solid {{style.theme_color}}; border-bottom:2px solid {{style.theme_color}};">
										<div class="col-6 float-left">
												<h3 style="margin-top:10px;">
														<span>Request For Quotation </span>
												</h3>
										</div>
										<div class="col-6 float-right text-right">
												<h3 style="margin-top:10px;">
														<span t-field="o.name"/>
												</h3>
										</div>
								</div>
								<!-- DATA-->
								<t t-call="professional_templates.rfq_lines"/>
								<!--/DATA-->
						</div><!--End of PAGE-->
						<!--FOOTER -->
						<div class="footer" t-attf-style="font-size:{{style.footer_font}}px !important;font-family:{{style.font_family}} !important;">
								<div class="col-12" t-attf-style="height:30px; background-color:{{style.theme_color}}"/>
								<t t-call="professional_templates.company_footer"/>
						</div>
				</template>            <!--/FOOTER-->

		</data>
</odoo>
