<?xml version="1.0" encoding="utf-8"?>
<odoo>
		<data>
				<template id="RFQ_3_document" name="Retro Template">
						<!-- Multicompany -->
						<t t-if="o and 'company_id' in o">
								<t t-set="company" t-value="o.company_id"></t>
						</t>
						<t t-if="not o or not 'company_id' in o">
								<t t-set="company" t-value="res_company"></t>
						</t>
						<div t-attf-style="padding-bottom:0px; padding-left:0px; padding-right:0px; color:{{style.text_color}} !important;font-size:{{int(style.header_font)}}px !important;font-family:{{style.font_family}} !important;" class="header col-12">
								<t t-if="style.header">
										<div class="col-7 float-right" style="padding-bottom:10px; text-align:right; padding-left:0px; padding-right:0px;">
												<div t-if="style.logo" style="width:100%; text-align:right; padding-bottom:8px;">
														<img  t-att-src="image_data_uri(style.logo)" alt="Logo"/>
												</div>
												<div t-if="not style.logo and company.logo" style="width:100%; text-align:right;padding-bottom:8px;">
														<img  t-att-src="image_data_uri(company.logo)" alt="Logo"/>
												</div>
												<div t-if="not style.logo and not company.logo" style="width:100%;text-align:right;padding-bottom:8px;">
														<img  t-att-src="image_data_uri(company.logo)" alt="Logo"/>
												</div>
												<div t-if="company.twitter or company.facebook or company.youtube" t-attf-style="background-color:{{style.theme_color}}; width:auto; float:right; padding-left:15px; color:{{style.theme_txt_color}}; padding-right:15px; padding-top:2px; padding-bottom:2px;" class="float-right">
														<span t-if="company.twitter" style="padding-left:0px;" class="fa fa-twitter-square "/>&#160;<span t-field="company.twitter"/>
														<span t-if="company.facebook" style="padding-left:13px;" class="fa fa-facebook-square "/>&#160;<span t-field="company.facebook"/>
														<span t-if="company.youtube" style="padding-left:13px;" class="fa fa-youtube-square "/>&#160;<span t-field="company.youtube" />
												</div>
										</div>
										<div class="col-5 mb8 float-left" style="padding-bottom:2px;padding-left:0px;">
												<t t-call="professional_templates.company_address"/>
										</div>
								</t>
						</div> <!--end of Header-->
						<!-- START OF PAGE -->
						<div class="article page" t-attf-style="color:{{style.text_color}} !important;font-size:{{int(style.body_font)}}px !important;font-family:{{style.font_family}} !important;">
								<div class="col-12" t-attf-style="white-space:pre-line;color:#{style.wm_color};left:#{style.leftpadding}mm; top:#{style.toppadding}mm;font-size:#{style.fontsize}px; opacity:#{style.opacity};z-index:-99; -webkit-transform:rotate(-#{style.rotate}deg);position:fixed;"><t t-esc="style.wm_eval(o, time, user, res_company)"/></div>
								<div class="col-12 float-left" style="padding-left:0px; padding-right:0px; "> 
										<div  t-attf-style="float:left; width:auto; max-width:100%; margin-top:0px;padding-top:1px;padding-left:15px;padding-right:15px;color:{{style.theme_txt_color}} !important;background-color:{{style.theme_color}} !important;">
												<h3 style="margin-top:10px;">
														<span>Request For Quotation  </span>
														<span t-field="o.name"/>

												</h3>
										</div>
								</div>

								<div class="col-12" style="padding-left:0px; padding-right:0px; padding-bottom:15px; padding-top:20px;"><!--start of wrapper -->
										<div class="col-6 float-left">
												<div class="float-left" style="padding-top:5px; padding-bottom:0px; width:100%;">
														<span t-attf-style="font-size:{{int(style.body_font)+6}}px; font-weight:bold;">
																<span class="fa fa-building"/> Vendor Address:</span>
												</div>
												<div class="float-left">
														<div t-if="o.partner_id" t-attf-style="color:{{style.cust_color}};white-space:nowrap;margin-top:2px; margin-bottom:5px; margin-left:0px;font-size:{{int(style.body_font)+6}}px;"> 
																<t t-if="o.partner_id.parent_id">
																		<span t-field="o.partner_id.parent_id"/>, <span t-if="o.partner_id.title" t-field="o.partner_id.title"/> <span t-field="o.partner_id.name"/>
																</t>
																<t t-if="not o.partner_id.parent_id">
																		<span t-if="o.partner_id.title" t-field="o.partner_id.title"/> <span t-field="o.partner_id"/>
																</t>

														</div>
														<address t-field="o.partner_id" style="margin-bottom:0px;" 
																t-options='{"widget": "contact", "fields": ["address", "phone",  "email", "website"]}'/>
														<span t-if="o.partner_id.vat">VAT: <span t-field="o.partner_id.vat"/></span>

												</div>
										</div>
										<div class="col-6 float-right" style="text-align:right;">
												<span t-attf-style="font-size:{{int(style.body_font)+6}}px; font-weight:bold;"><span class="fa fa-truck"/> Shipping Address:</span>
												<div t-if="o.dest_address_id">
														<div t-field="o.dest_address_id"
																t-options='{"widget": "contact", "fields": ["address", "name", "phone",  "email", "website"]}'/>
												</div>

												<div t-if="not o.dest_address_id and o.picking_type_id and o.picking_type_id.warehouse_id">
														<span t-field="o.picking_type_id.warehouse_id.name"/>
														<div t-field="o.picking_type_id.warehouse_id.partner_id"
																t-options='{"widget": "contact", "fields": ["address", "phone",  "email", "website"]}'/>
												</div>

										</div>

								</div> <!--end of wrapper2-->
								<div class="col-12 mt8 mb8" t-attf-style="padding-left:0px; padding-right:0px;">
								</div>
								<!-- DATA-->
								<t t-call="professional_templates.rfq_lines"/>
								<!--/DATA-->
						</div><!--End of PAGE-->
						<!--FOOTER -->
						<div class="footer" t-attf-style="font-size:{{style.footer_font}}px !important;font-family:{{style.font_family}} !important;">
								<t t-call="professional_templates.company_footer"/>
						</div>
						<!--/FOOTER-->
				</template>
		</data>
</odoo>
