<?xml version="1.0" encoding="utf-8"?>
<odoo>
		<data>
				<template id="PICK_7_document" name="Military Template">
						<!-- Multicompany -->
						<t t-if="o and 'company_id' in o">
								<t t-set="company" t-value="o.company_id"></t>
						</t>
						<t t-if="not o or not 'company_id' in o">
								<t t-set="company" t-value="res_company"></t>
						</t>
						<div class="header col-12" t-attf-style="padding-bottom:0px; padding-left:0px; padding-right:0px; color:{{style.text_color}} !important;font-size:{{int(style.header_font)}}px !important;font-family:{{style.font_family}} !important;">
								<t t-if="style.header">
										<div class="col-12 float-left mb8 text-center" t-attf-style="border-bottom:2px dashed {{style.theme_color}}">
												<h2 t-attf-style="color:{{style.theme_color}}">
														<span class="fa fa-star" aria-hidden="true"/>  
														<span>PICKING SLIP </span>
														<span class="fa fa-star" aria-hidden="true"/>  
												</h2>
												<div class="col-1 float-left"/>
												<div  class="col-10 float-left">
														<t t-call="professional_templates.company_address"/>
														<div t-if="company.twitter or company.facebook or company.facebook" t-attf-style="display:inline-block; width:auto; padding-left:15px; padding-right:15px; padding-top:4px; padding-bottom:2px;" class="mb8">
																<span t-if="company.twitter" class="fa fa-twitter-square "/>&#160;<span t-field="company.twitter"/> &#160;
																<span t-if="company.facebook" class="fa fa-facebook-square "/>&#160;<span t-field="company.facebook"/> &#160; 
																<span t-if="company.youtube" class="fa fa-youtube-square "/>&#160;<span t-field="company.youtube"/> 
														</div>
												</div>
												<div class="col-1 float-right"/>
										</div>
								</t>
						</div> <!--end of Header-->
						<!-- START OF PAGE -->
						<div class="article page" t-attf-style="color:{{style.text_color}} !important;font-size:{{int(style.body_font)}}px !important;font-family:{{style.font_family}} !important;">
								<div class="col-12" t-attf-style="white-space:pre-line;color:#{style.wm_color};left:#{style.leftpadding}mm; top:#{style.toppadding}mm;font-size:#{style.fontsize}px; opacity:#{style.opacity};z-index:-99; -webkit-transform:rotate(-#{style.rotate}deg);position:fixed;"><t t-esc="style.wm_eval(o, time, user, res_company)"/></div>
								<div class="col-12 float-left mb8 text-center">
										<img t-att-src="'/report/barcode/?type=%s&amp;value=%s&amp;width=%s&amp;height=%s' % ('Code128', o.name, 600, 100)" style="width:300px;height:50px;"/>
								</div>
								<t t-set="div_class" t-value="'col-4'"></t>
								<div t-attf-class="#{div_class}  float-left mb8">
										<span t-if="o.picking_type_id.code=='outgoing' and o.partner_id" t-attf-style="font-size:{{int(style.body_font)+6}}px; font-weight:bold;">Customer Address:</span>
										<span t-if="o.picking_type_id.code=='internal' and o.partner_id" t-attf-style="font-size:{{int(style.body_font)+6}}px; font-weight:bold;">Warehouse Address:</span>
										<span t-if="o.picking_type_id.code=='incoming' and o.partner_id" t-attf-style="font-size:{{int(style.body_font)+6}}px; font-weight:bold;">Vendor Address:</span>
										<div t-attf-style="color:{{style.cust_color}};font-size:{{int(style.body_font)+6}}px;font-weight:500;"> 
												<t t-if="o.partner_id.parent_id">
														<span t-field="o.partner_id.parent_id"/>, <span t-if="o.partner_id.title" t-field="o.partner_id.title"/> 
														<span t-field="o.partner_id.name"/>
												</t>
												<t t-if="not o.partner_id.parent_id">
														<span t-if="o.partner_id.title" t-field="o.partner_id.title"/> <span t-field="o.partner_id"/>
												</t>
										</div>
										<address t-field="o.partner_id" style="margin-bottom:0px;" t-options='{"widget": "contact", "fields":["address","phone","email","website"],"no_marker": false}'/>
										<span t-if="o.partner_id.vat">VAT: <span t-field="o.partner_id.vat"/></span>
								</div>
								<div t-attf-class="#{div_class} float-left">
										<t t-if="o.move_lines and o.move_lines[0].partner_id and o.move_lines[0].partner_id.id != o.partner_id.id">
												<span t-attf-style="font-size:{{int(style.body_font)+6}}px; font-weight:bold;">Delivery Address:</span>
												<address t-field="o.move_lines[0].partner_id" style="margin-top:0px;" 
														t-options='{"widget": "contact", "fields": ["address", "name", "phone",  "email", "website"]}'/>
										</t>

										<t t-if="o.picking_type_id.code != 'internal' and (not o.move_lines or not o.move_lines[0].partner_id) and o.picking_type_id.warehouse_id.partner_id">
												<span t-attf-style="font-size:{{int(style.body_font)+6}}px; font-weight:bold;">Warehouse Address:</span>
												<address t-field="o.picking_type_id.warehouse_id.partner_id" style="margin-top:0px;" 
														t-options='{"widget": "contact", "fields": ["address", "name", "phone",  "email", "website"]}'/>
										</t>
								</div>
								<div t-attf-class="#{div_class} float-right mt8">
										<ul> 
												<div t-if="o.name">
														<strong style="white-space:nowrap;">Picking Slip # </strong>
														<span t-field="o.name"/>
												</div>
												<div t-if="o.scheduled_date">
														<strong style="white-space:nowrap;">Scheduled Date: </strong>
														<span t-field="o.scheduled_date"/>
												</div>
												<div t-if="o.date">
														<strong style="white-space:nowrap;">Commitment Date: </strong>
														<span t-field="o.date"/>
												</div>
												<div t-if="o.origin">
														<strong style="white-space:nowrap;">Source Document: </strong>
														<span t-field="o.origin"/>
												</div>
												<div t-if="o.state">
														<strong style="white-space:nowrap;">Status: </strong>
														<span t-field="o.state"/>
												</div>
										</ul> 
								</div>
								<!-- DATA-->
								<t t-call="professional_templates.picking_lines"/>
								<!--/DATA-->
						</div><!--End of PAGE-->
						<!--FOOTER -->
						<div class="footer" t-attf-style="font-size:{{style.footer_font}}px !important;font-family:{{style.font_family}} !important;">
								<div class="col-12 float-right text-right" t-attf-style="color:{{style.theme_color}}">
										<h4>Thank You.</h4>
								</div>
								<t t-call="professional_templates.company_footer"/>
						</div>
						<!--/FOOTER-->
				</template>

		</data>
</odoo>
