<?xml version="1.0" encoding="utf-8"?>
<odoo>
    <data>
        <record id="picking_slip_inherited_customized" model="ir.ui.view">
            <field name="name">PICKING CUSTOMIZED</field>
            <field name="model">stock.picking</field>
            <field name="inherit_id" ref="stock.view_picking_form"/>
            <field name="arch" type="xml">
		 <xpath expr="//field[@name='origin']" position="after">
			<field name="pk_style"/>
		 </xpath>
	    </field>
	</record>

<record id="stock.report_picking" model="ir.ui.view">
  <field name="name">Odoo Template</field>
</record>
    </data>
</odoo>

