<?xml version="1.0" encoding="utf-8"?>
<odoo>
    <data>
        <template id="INVOICE_14_document" name="Ascend Template">
            <!-- Multicompany -->
            <t t-if="o and 'company_id' in o">
                <t t-set="company" t-value="o.company_id"></t>
            </t>
            <t t-if="not o or not 'company_id' in o">
                <t t-set="company" t-value="res_company"></t>
            </t>
            <div class="header col-12 float-left" t-attf-style="padding-bottom:0px; padding-left:0px; padding-right:0px; color:{{style.text_color}} !important;font-size:{{int(style.header_font)}}px !important;font-family:{{style.font_family}} !important;">
                <t t-if="style.header">
                    <div class="col-12 mb8 text-center float-left">
                        <div class="col-1 float-left"/>
                        <div  class="col-10 float-left">
                            <span t-if="style.logo">
                                <span itemprop="image" t-field="style.logo" t-options='{"widget": "image", "style": "float:center;"}'/>
                            </span>
                            <span t-if="not style.logo and company.logo">
                                <span itemprop="image" t-field="company.logo" t-options='{"widget": "image", "style": "float:center;"}'/>
                            </span>
                            <span t-if="not style.logo and not company.logo">
                                <span itemprop="image" t-field="company.logo" t-options='{"widget": "image", "style": "float:center;"}'/>
                            </span>
                        </div>
                        <div class="col-1 float-right"/>
                    </div>
                </t>
            </div> <!--end of Header-->
            <!-- START OF PAGE -->
            <div class="article page" t-attf-data-oe-model="account.move" t-attf-data-oe-id="{{o.id}}" t-attf-style="color:{{style.text_color}} !important;font-size:{{int(style.body_font)}}px !important;font-family:{{style.font_family}} !important;">
                <div class="col-12" t-attf-style="white-space:pre-line;color:#{style.wm_color};left:#{style.leftpadding}mm; top:#{style.toppadding}mm;font-size:#{style.fontsize}px; opacity:#{style.opacity};z-index:-99; -webkit-transform:rotate(-#{style.rotate}deg);position:fixed;"><t t-esc="style.wm_eval(o, time, user, res_company)"/></div>
                <t t-set="div_class" t-value="'col-3' if o.partner_shipping_id and o.partner_shipping_id != o.partner_id else 'col-4'"></t>
                <div class="col-12 float-left mb16" style="padding-left:0px;">
                    <div class="col-6 float-left" t-attf-style="font-size:{{int(style.header_font)}}px !important;;padding-left:0px;">
                        <span t-field="company.display_name"/><t t-esc="','" t-if="company.street"/>
                        <span t-field="company.street"/><t t-esc="','" t-if="company.street2"/>
                        <span t-field="company.street2"/><t t-esc="','" t-if="company.zip"/>
                        <span t-field="company.zip"/><t t-esc="','" t-if="company.city"/>
                        <span t-field="company.city"/>
                    </div>
                    <div class="col-6 float-right"/>
                </div>
                <div class="col-12 float-left mb16" style="padding-left:0px;">
                    <div t-attf-class="col-6 float-left" style="font-size:16px;">
                        <address t-if="o.partner_shipping_id and o.partner_shipping_id != o.partner_id" t-field="o.partner_shipping_id" style="margin-bottom:0px;"
                            t-options='{"widget": "contact", "fields":["name", "address"],"no_marker": true}'/>
                        <address t-if="not o.partner_shipping_id or  o.partner_shipping_id == o.partner_id" t-field="o.partner_id" style="margin-bottom:0px;"
                            t-options='{"widget": "contact", "fields":["name", "address"],"no_marker": true}'/>
                    </div>
                    <div class="col-6 float-right"/>
                </div>
                <div class="col-12 float-left mb16">
                    <div class="col-5 offset-7 float-right" style="font-size:16px">
                        <div class="float-left col-5 text-left">
                            <div t-if="o.partner_id.ref">
                                <span t-esc="'Customer ID: '"/>
                            </div>
                            <div t-if="o.partner_id.vat">
                                <span t-esc="'VAT Tax ID: '"/>
                            </div>
                            <div t-if="o.invoice_date">
                                <span t-esc="'Date: '"/>
                            </div>
                        </div>
                        <div  class="float-right col-7 text-left">
                            <div t-if="o.partner_id.ref">
                                <span t-field="o.partner_id.ref"/>
                            </div>
                            <div t-if="o.partner_id.vat">
                                <span t-field="o.partner_id.vat"/>
                            </div>
                            <div t-if="o.invoice_date">
                                <span t-field="o.invoice_date"/>
                            </div>
                        </div>
                    </div>
                </div>
                <div class="col-12 float-left" style="padding-left:0px;">
                    <div>
                        <h3 style="margin-top:5px">
                            <span t-if="o.state == 'draft'">Draft</span>
                            <span t-if="o.state == 'cancel'">Cancelled</span>
                            <span t-if="o.move_type == 'out_invoice'">Invoice</span>
                            <span t-if="o.move_type == 'out_refund'">Refund</span>
                            <span t-if="o.move_type == 'in_refund'">Vendor Refund</span>
                            <span t-if="o.move_type == 'in_invoice'">Vendor Bill</span>
                            <span t-field="o.name" t-if="o.state not in ['draft', 'cancel']"/>
                        </h3>
                    </div>
                </div>
                <!-- DATA-->
                <t t-call="professional_templates.invoice_lines"/>
                    <!--/DATA-->
            </div><!--End of PAGE-->
            <!--FOOTER -->
            <div class="footer" t-attf-style="font-size:{{style.footer_font}}px !important;font-family:{{style.font_family}} !important;">
                <t t-call="professional_templates.company_footer"/>
            </div>
            <!--/FOOTER-->
        </template>

    </data>
</odoo>
