<?xml version="1.0" encoding="utf-8"?>
<odoo>
    <data>
        <template id="invoice_lines">
            <div t-if="o.project_title and style.template_inv.key !='professional_templates.INVOICE_13_document'" class="col-12" t-attf-style="color:{{style.theme_txt_color if not style.transparent else style.text_color}};text-align:center; padding-left:0px; padding-right:0px;">
                <div t-attf-style="width:auto; display:inline-block; background-color:{{style.theme_color if not style.transparent else 'transparent'}};padding-left:8px; padding-right:8px;">
                    <span t-attf-style="margin-top:8px; margin-bottom:8px;font-size:{{int(style.body_font)+4}}px;"><span t-field="o.project_title"/></span>
                </div>
            </div>
            <div class="col-12 float-left" style="padding:8px;"/>

                <!-- Is there a discount on at least one line? -->
            <t t-set="display_discount" t-value="any([l.discount for l in o.invoice_line_ids])"/>
                <!-- Is there tax in at least one line? -->
            <t t-set="display_taxes" t-value="any([y.tax_ids for y in o.invoice_line_ids])"/>
                <!-- to take care of columns when no discount -->
            <t t-set="col_span" t-value="8 if display_discount else 7"/>
            <table class="table  table-sm" t-attf-style="color:{{style.text_color}};" >
                <thead t-attf-style="color:{{style.theme_txt_color if not style.transparent else style.text_color}};">
                    <t t-set="th_style" t-value="'border-bottom: 1px solid #ddd !important;white-space:nowrap;'"></t>
                    <tr t-attf-style="background-color:{{style.theme_color if not style.transparent else 'transparent'}};font-size:{{int(style.body_font)+2}}px;">
                        <th t-attf-style="{{th_style}}"><i class="fa fa-list-ol"/> Item</th>
                        <th t-if="style.show_img" t-attf-style="{{th_style}}"><i class="fa fa-camera"/> Image</th>
                        <th t-attf-style="{{th_style}}"><i class="fa fa-th-large"/> Description</th>
                        <th t-attf-style="{{th_style}}" class="d-none text-left"><i class="fa fa-th-large"/> Source Document</th>
                        <th class="text-right" t-attf-style="{{th_style}}"><i class="fa fa-sort-amount-asc"/> Quantity</th>
                        <th class="text-right" t-attf-style="{{th_style}}"><i class="fa fa-tags"/> Unit Price</th>
                        <th t-if="display_discount" class="text-right" t-attf-style="{{th_style}}"
                            groups="product.group_discount_per_so_line"><i class="fa fa-minus-square"/> Discount(%)</th>
                        <th t-if="display_taxes" class="text-center" t-attf-style="{{th_style}}"><i class="fa fa-pencil-square"/> Taxes</th>
                        <th class="text-right" t-attf-style="{{th_style}}"><i class="fa fa-money"/>
                            <span groups="account.group_show_line_subtotals_tax_excluded">Amount</span>
                            <span groups="account.group_show_line_subtotals_tax_included">Total Price</span>
                        </th>
                    </tr>
                </thead>
                <tbody>
                    <t t-set="current_subtotal" t-value="0"/>
                    <t t-set="item_count" t-value="0"/>
                    <t t-foreach="o.invoice_line_ids" t-as="l">
                        <t t-set="item_count" t-value="item_count + 1"/>
                        <t t-set="current_subtotal" t-value="current_subtotal + l.price_subtotal" groups="account.group_show_line_subtotals_tax_excluded"/>
                        <t t-set="current_subtotal" t-value="current_subtotal + l.price_total" groups="account.group_show_line_subtotals_tax_included"/>
                        <tr t-attf-style="background-color:{{style.odd if (l_parity in 'odd' and not style.transparent) else (not style.transparent and style.even)  or 'transparent'}};page-break-inside: avoid">
                            <t t-if="not l.display_type" name="account_invoice_line_accountable">
                                <td><span t-esc="item_count"/></td>
                                <td t-if="style.show_img"><span t-if="l.sudo().product_id.image_128" itemprop="image" t-field="l.sudo().product_id.image_128" t-options='{"widget": "image"}'/></td>
                                <td><span t-field="l.name"/></td>
                                <td class="text-right">
                                    <span t-field="l.quantity"/>
                                    <span t-field="l.product_uom_id"  groups="uom.group_uom"/>
                                </td>
                                <td t-attf-class="text-right {{ 'd-none d-md-table-cell' if report_type == 'html' else '' }}">
                                    <span t-field="l.price_unit"  t-options="{'widget': 'monetary', 'display_currency': o.currency_id}" />
                                </td>
                                <td t-if="display_discount" t-attf-class="text-right {{ 'd-none d-md-table-cell' if report_type == 'html' else '' }}" groups="product.group_discount_per_so_line">
                                    <span t-field="l.discount"/>
                                </td>
                                <td t-if="display_taxes" t-attf-class="text-left {{ 'd-none d-md-table-cell' if report_type == 'html' else '' }}">
                                    <span t-esc="', '.join(map(lambda x: (x.description or x.name), l.tax_ids))"/>
                                </td>
                                <td class="text-right">
                                    <span t-field="l.price_subtotal" groups="account.group_show_line_subtotals_tax_excluded"/>
                                    <span t-field="l.price_total" groups="account.group_show_line_subtotals_tax_included"/>
                                </td>
                            </t>
                            <t t-if="l.display_type == 'line_section'">
                                <td t-att-colspan="col_span">
                                    <span t-field="l.name"/>
                                </td>
                                <t t-set="current_section" t-value="l"/>
                                <t t-set="current_subtotal" t-value="0"/>
                                <t t-set="item_count" t-value="0"/>
                            </t>
                            <t t-if="l.display_type == 'line_note'">
                                <td t-att-colspan="col_span">
                                    <span t-field="l.name"/>
                                </td>
                                <t t-set="item_count" t-value="item_count - 1"/>
                            </t>
                        </tr>
                        <t t-if="current_section and (l_last or o.invoice_line_ids[l_index+1].display_type == 'line_section')">
                            <tr class="is-subtotal text-right">
                                <td t-att-colspan="col_span">
                                    <strong class="mr16">Subtotal</strong>
                                    <span
                                        t-esc="current_subtotal"
                                        t-options='{"widget": "monetary", "display_currency": o.currency_id}'
                                        />
                                </td>
                            </tr>
                        </t>
                    </t>
                </tbody>
            </table>
            <div class="clearfix" style="page-break-inside: avoid !important;">
                <div id="total" class="row">
                    <div  t-attf-class="#{'col-4' if report_type != 'html' else 'col-sm-7 col-md-6'} ml-auto">
                        <table class="table table-sm" t-attf-style="color:{{style.text_color}};">
                            <!--Tax totals-->
                            <t t-set="tax_totals" t-value="json.loads(o.tax_totals_json)"/>
                            <t t-call="account.document_tax_totals"/>
                                <!--Payments-->
                            <t t-if="print_with_payments">
                                <t t-if="o.payment_state != 'invoicing_legacy'">
                                    <t t-set="payments_vals" t-value="o.sudo()._get_reconciled_info_JSON_values()"/>
                                    <t t-foreach="payments_vals" t-as="payment_vals">
                                        <tr>
                                            <td>
                                                <i class="oe_form_field text-right oe_payment_label">Paid on <t t-esc="payment_vals['date']" t-options='{"widget": "date"}'/></i>
                                            </td>
                                            <td class="text-right">
                                                <span t-esc="payment_vals['amount']" t-options='{"widget": "monetary", "display_currency": o.currency_id}'/>
                                            </td>
                                        </tr>
                                    </t>
                                    <t t-if="len(payments_vals) > 0">
                                        <tr class="border-black">
                                            <td><strong>Amount Due</strong></td>
                                            <td class="text-right">
                                                <span t-field="o.amount_residual"/>
                                            </td>
                                        </tr>
                                    </t>
                                </t>
                            </t>
                        </table>
                    </div>
                </div>
            </div>
            <div t-if="style.aiw_report" class="col-7 float-left" style="padding-left:0px; padding-right:0px; page-break-inside: avoid;">
                <p>
                    <strong>Amount in Words:</strong><span style="text-decoration:underline;" t-field="o.amount_words"/>
                </p>
            </div>

            <div class="col-12 float-left" style="padding-left:0px; padding-right:0px; page-break-inside: avoid;">
                <p t-if="o.move_type in ('out_invoice', 'in_refund') and o.payment_reference" name="payment_communication">
                        Please use the following communication for your payment : <b><span t-field="o.payment_reference"/></b>
                    </p>
                    <p t-if="o.invoice_payment_term_id" name="payment_term">
                        <span t-field="o.invoice_payment_term_id.note"/>
                    </p>
                    <p t-if="o.narration" name="comment">
                        <span t-field="o.narration"/>
                    </p>
                    <p t-if="o.fiscal_position_id.note" name="note">
                        <span t-field="o.fiscal_position_id.note"/>
                    </p>
                    <p t-if="o.invoice_incoterm_id" name="incoterm">
                        <strong>Incoterm: </strong><span t-field="o.invoice_incoterm_id.code"/> - <span t-field="o.invoice_incoterm_id.name"/>
                    </p>
                    <div id="qrcode" t-if="o.display_qr_code">
                        <p t-if="qr_code_urls.get(o.id)">
                            <strong class="text-center">Scan me with your banking app.</strong><br/><br/>
                            <img class="border border-dark rounded" t-att-src="qr_code_urls[o.id]"/>
                        </p>
                    </div>
                </div>
            </template>
            <!-- we can also add product image to odoo template -->
            <template id="add_image_to_odoo_template" inherit_id="account.report_invoice_document">
                <xpath expr="//thead//tr//th" position="before">
                    <t t-set="style" t-value="o.style or res_company.df_style or user.env.ref('customized_invoice.df_style_for_all_reports')"/>
                    <th t-if="style.show_img">Image</th>
                </xpath>
                <xpath expr="//tbody[hasclass('invoice_tbody')]//tr//td" position="before">
                    <td t-if="style.show_img"><span t-if="line.sudo().product_id.image_128" itemprop="image" t-field="line.sudo().product_id.image_128" t-options='{"widget": "image"}'/></td>
                </xpath>
            </template>
        </data>
    </odoo>
