<?xml version="1.0" encoding="utf-8"?>
<odoo>
    <data>
        <template id="INVOICE_9_document" name="Slim Template">
            <!-- Multicompany -->
            <t t-if="o and 'company_id' in o">
                <t t-set="company" t-value="o.company_id"></t>
            </t>
            <t t-if="not o or not 'company_id' in o">
                <t t-set="company" t-value="res_company"></t>
            </t>
            <div class="header col-12 float-left" t-attf-style="padding-bottom:0px; padding-left:0px; padding-right:0px; color:{{style.text_color}} !important;font-size:{{int(style.header_font)}}px !important;font-family:{{style.font_family}} !important;">
                <t t-if="style.header">
                    <div class="col-12 mb8 float-left">
                        <div t-attf-class="mt32 #{'col-3 float-left' if o.name else 'col-6 float-left'}" t-attf-style="padding-left:0px;color:{{style.theme_color}};">
                            <h2>
                                <span t-if="o.state == 'draft'">DRAFT</span>
                                <span t-if="o.state == 'cancel'">CANCELLED</span>
                                <span t-if="o.move_type == 'out_invoice'">INVOICE</span>
                                <span t-if="o.move_type == 'out_refund'">REFUND</span>
                                <span t-if="o.move_type == 'in_refund'">VENDOR REFUND</span>
                                <span t-if="o.move_type == 'in_invoice'">VENDOR BILL</span>
                            </h2>
                        </div>
                        <div t-if="o.state not in ['cancel', 'draft']"  class="col-3 mt32 text-center float-left" style="padding-left:0px;">
                            <h2 t-attf-style="background-color:{{style.theme_color}}; color:{{style.theme_txt_color}};display: inline-block;padding-left:4px;padding-right:4px;" t-field="o.name"/>
                        </div>
                        <div class="col-6 float-right text-right" style="padding-right:0px;">
                            <span t-if="style.logo">
                                <span itemprop="image" t-field="style.logo" t-options='{"widget": "image", "style": "float:right;"}'/>
                            </span>
                            <span t-if="not style.logo and company.logo">
                                <span itemprop="image" t-field="company.logo" t-options='{"widget": "image", "style": "float:right;"}'/>
                            </span>
                            <span t-if="not style.logo and not company.logo">
                                <span itemprop="image" t-field="company.logo" t-options='{"widget": "image", "style": "float:right;"}'/>
                            </span>
                            <div t-if="company.twitter or company.facebook or company.facebook" t-attf-style="background-color:{{style.theme_color}}; width:auto; float:right; padding-left:15px; color:{{style.theme_txt_color}}; padding-right:15px; padding-top:4px; padding-bottom:2px;" class="float-right mb8">
                                <span t-if="company.twitter" style="padding-left:0px;" class="fa fa-twitter-square "/>&#160;<span t-field="company.twitter"/>
                                <span t-if="company.facebook" style="padding-left:13px;" class="fa fa-facebook-square "/>&#160;<span t-field="company.facebook"/>
                                <span t-if="company.youtube" style="padding-left:13px;" class="fa fa-youtube-square "/>&#160;<span t-field="company.youtube" />
                            </div>
                        </div>
                    </div>
                </t>
            </div> <!--end of Header-->
            <!-- START OF PAGE -->
            <div class="article page" t-attf-data-oe-model="account.move" t-attf-data-oe-id="{{o.id}}" t-attf-style="color:{{style.text_color}} !important;font-size:{{int(style.body_font)}}px !important;font-family:{{style.font_family}} !important;">
                <h4 class="text-center" t-field="o.name" t-if="o.state not in ['cancel', 'draft']"></h4>
                <div class="col-12" t-attf-style="white-space:pre-line;color:#{style.wm_color};left:#{style.leftpadding}mm; top:#{style.toppadding}mm;font-size:#{style.fontsize}px; opacity:#{style.opacity};z-index:-99; -webkit-transform:rotate(-#{style.rotate}deg);position:fixed;"><t t-esc="style.wm_eval(o, time, user, res_company)"/></div>
                <t t-set="div_class" t-value="'col-3' if o.partner_shipping_id and o.partner_shipping_id != o.partner_id else 'col-4'"></t>
                <div  t-attf-class="#{div_class} float-left">
                    <span t-attf-style="font-size:{{int(style.body_font)+6}}px; font-weight:bold;">
                            From:</span>
                        <t t-call="professional_templates.company_address"/>
                    </div>
                    <div t-attf-class="#{div_class} float-left">
                        <span t-if="o.partner_shipping_id and o.partner_shipping_id != o.partner_id" t-attf-style="font-size:{{int(style.body_font)+6}}px; font-weight:bold;">
                                Bill To:</span>
                            <span t-if="o.partner_shipping_id == o.partner_id or not o.partner_shipping_id" t-attf-style="font-size:{{int(style.body_font)+6}}px; font-weight:bold;">
                                Bill&#160;&amp;&#160;Ship To:
                            </span>
                            <div t-if="o.partner_id" t-attf-style="color:{{style.cust_color}};font-size:{{int(style.body_font)+6}}px;font-weight:500;">
                                <t t-if="o.partner_id.parent_id">
                                    <span t-field="o.partner_id.parent_id"/>, <span t-if="o.partner_id.title" t-field="o.partner_id.title"/> <span t-field="o.partner_id.name"/>
                                </t>
                                <t t-if="not o.partner_id.parent_id">
                                    <span t-if="o.partner_id.title" t-field="o.partner_id.title"/> <span t-field="o.partner_id"/>
                                </t>
                            </div>
                            <address t-field="o.partner_id" style="margin-bottom:0px;" t-options='{"widget": "contact", "fields":["address","phone","email","website"],"no_marker": false}'/>
                            <span t-if="o.partner_id.vat">VAT: <span t-field="o.partner_id.vat"/></span>
                        </div>
                        <div t-attf-class="#{div_class} float-left" t-if="o.partner_shipping_id and o.partner_shipping_id != o.partner_id">
                            <span t-attf-style="font-size:{{int(style.body_font)+6}}px;font-weight:bold;">Ship To:</span>
                            <address t-field="o.partner_shipping_id" style="margin-bottom:0px;"
                                t-options='{"widget": "contact", "fields":["name", "address","phone","email","website"],"no_marker": false}'/>
                            <span t-if="o.partner_id.vat">VAT: <span t-field="o.partner_id.vat"/></span>
                        </div>
                        <div t-attf-class="#{div_class} float-right">
                            <ul>
                                <div t-if="o.name">
                                    <strong>
                                        <span t-if="o.state == 'draft'">Draft</span>
                                        <span t-if="o.state == 'cancel'">Cancelled</span>
                                        <span t-if="o.move_type == 'out_invoice'">Invoice</span>
                                        <span t-if="o.move_type == 'out_refund'">Refund</span>
                                        <span t-if="o.move_type == 'in_refund'">Vendor Refund</span>
                                        <span t-if="o.move_type == 'in_invoice'">Vendor Bill</span>
                                    </strong>
                                    <span t-field="o.name"/>
                                </div>
                                <div t-if="o.invoice_date">
                                    <strong style="white-space:nowrap;">Invoice Date: </strong>
                                    <span t-field="o.invoice_date"/>
                                </div>
                                <div t-if="o.invoice_date_due">
                                    <strong style="white-space:nowrap;">Due Date: </strong>
                                    <span t-field="o.invoice_date_due"/>
                                </div>
                                <div t-if="o.invoice_origin">
                                    <strong style="white-space:nowrap;">Source Document: </strong>
                                    <span t-field="o.invoice_origin"/>
                                </div>
                                <div t-if="o.fiscal_position_id">
                                    <strong style="white-space:nowrap;">Fiscal Position: </strong>
                                    <span t-field="o.fiscal_position_id"/>
                                </div>
                                <div t-if="o.ref">
                                    <strong style="white-space:nowrap;">Reference: </strong>
                                    <span t-field="o.ref"/>
                                </div>
                            </ul>
                        </div>
                        <!-- DATA-->
                        <t t-call="professional_templates.invoice_lines"/>
                            <!--/DATA-->
                    </div><!--End of PAGE-->
                    <!--FOOTER -->
                    <div class="footer" t-attf-style="font-size:{{style.footer_font}}px !important;font-family:{{style.font_family}} !important;">
                        <t t-call="professional_templates.company_footer"/>
                    </div>
                    <!--/FOOTER-->
                </template>
            </data>
        </odoo>
