<?xml version="1.0" encoding="utf-8"?>
<odoo>
    <data>
        <template id="INVOICE_4_document" name="TVA Template">
            <!-- Multicompany -->
            <t t-if="o and 'company_id' in o">
                <t t-set="company" t-value="o.company_id"></t>
            </t>
            <t t-if="not o or not 'company_id' in o">
                <t t-set="company" t-value="res_company"></t>
            </t>
            <div t-attf-style="padding-bottom:0px; padding-left:0px; padding-right:0px; color:{{style.text_color}} !important;font-size:{{int(style.header_font)}}px !important;font-family:{{style.font_family}} !important;" class="header col-12">
                <t t-if="style.header">
                    <div class="col-5 float-left" t-attf-style="padding:15px; border:1px solid {{style.text_color}};">
                        <t t-call="professional_templates.company_address"/>
                    </div>
                    <div class="col-3 float-right" t-attf-style="border: 1px solid {{style.text_color}}; color:{{style.text_color}};">
                        <span style="font-weight:bold;">Date: </span><span t-if="o.invoice_date" t-field="o.invoice_date"></span>
                    </div>
                    <div class="col-7 float-right" style="text-align:right; padding-left:0px; padding-right:0px; padding-top:1px;">
                        <div t-if="style.logo" style="width:100%; text-align:right; padding-bottom:3px; padding-top:3px;">
                            <span itemprop="image" t-field="style.logo" t-options='{"widget": "image"}' style="display: inline-block;"/>
                        </div>
                        <div t-if="not style.logo and company.logo" style="width:100%; text-align:right;padding-bottom:8px;">
                            <span itemprop="image" t-field="company.logo" t-options='{"widget": "image"}' style="display: inline-block;"/>
                        </div>
                        <div t-if="not style.logo and not company.logo" style="width:100%;text-align:right;padding-bottom:8px;">
                            <span itemprop="image" t-field="company.logo" t-options='{"widget": "image"}' style="display: inline-block;"/>
                        </div>
                        <div t-if="company.twitter or company.facebook or company.facebook" t-attf-style="background-color:{{style.theme_color}}; width:auto; float:right; padding-left:15px; color:{{style.theme_txt_color}}; padding-right:15px; padding-top:4px; padding-bottom:2px;" class="float-right">
                            <i t-if="company.twitter" style="padding-left:0px;" class="fa fa-twitter-square "/>&#160;<span t-field="company.twitter"/>
                            <i t-if="company.facebook" style="padding-left:13px;" class="fa fa-facebook-square "/>&#160;<span t-field="company.facebook"/>
                            <i t-if="company.youtube" style="padding-left:13px;" class="fa fa-youtube-square "/>&#160;<span t-field="company.youtube" />
                        </div>

                    </div>
                </t>
            </div> <!--end of Header-->
            <!-- START OF PAGE -->
            <div class="article page" t-attf-data-oe-model="account.move" t-attf-data-oe-id="{{o.id}}" t-attf-style="color:{{style.text_color}} !important;font-size:{{int(style.body_font)}}px !important;font-family:{{style.font_family}} !important;">
                <div class="col-12" t-attf-style="white-space:pre-line;color:#{style.wm_color};left:#{style.leftpadding}mm; top:#{style.toppadding}mm;font-size:#{style.fontsize}px; opacity:#{style.opacity};z-index:-99; -webkit-transform:rotate(-#{style.rotate}deg);position:fixed;"><t t-esc="style.wm_eval(o, time, user, res_company)"/></div>
                <div class="col-5 float-right text-right" t-attf-style="margin-left:3px;border: 1px solid {{style.text_color}}; padding:15px;">
                    <div t-attf-style="padding-top:5px; padding-bottom:0px;">
                        <span t-if="o.partner_shipping_id and o.partner_shipping_id != o.partner_id" t-attf-style="font-size:{{int(style.body_font)+6}}px; font-weight:bold;">
                            <i class="fa fa-user "/> Invoicing Address:</span>
                        <span t-if="o.partner_shipping_id == o.partner_id or not o.partner_shipping_id" t-attf-style="font-size:{{int(style.body_font)+6}}px; font-weight:bold;">
                            <i class="fa fa-user"/> Invoicing&#160; &amp;&#160; <i class="fa fa-truck "/> Shipping Address:
                        </span>
                    </div>
                    <div t-if="o.partner_id" t-attf-style="color:{{style.cust_color}}; margin-top:2px; margin-bottom:5px; margin-left:0px;font-size:{{int(style.body_font)+6}}px;">
                        <t t-if="o.partner_id.parent_id">
                            <span t-field="o.partner_id.parent_id"/>, <span t-if="o.partner_id.title" t-field="o.partner_id.title"/> <span t-field="o.partner_id.name"/>
                        </t>
                        <t t-if="not o.partner_id.parent_id">
                            <span t-if="o.partner_id.title" t-field="o.partner_id.title"/> <span t-field="o.partner_id"/>
                        </t>

                    </div>
                    <address t-field="o.partner_id" style="margin-bottom:0px;" t-options='{"widget": "contact", "fields": ["address", "phone",  "email", "website"], "no_marker": true}'/>
                    <span t-if="o.partner_id.vat">VAT: </span><span t-field="o.partner_id.vat"/>

            </div>
            <div class="col-5 float-left" style="padding-left:0px; padding-right:0px; padding-top:5px; padding-bottom:0px; ">
                <div  t-attf-style="float:left; width:100%; margin-top:0px;padding-top:0px;padding-left:15px;padding-right:15px;color:{{style.text_color}} !important; border:1px solid {{style.text_color}}">
                    <h4 id="title" style="margin-bottom:10px;">
                        <span t-if="o.state == 'draft'">Draft</span>
                        <span t-if="o.state == 'cancel'">Cancelled</span>
                        <span t-if="o.move_type == 'out_invoice'">Invoice</span>
                        <span t-if="o.move_type == 'out_refund'">Refund</span>
                        <span t-if="o.move_type == 'in_refund'">Vendor Refund</span>
                        <span t-if="o.move_type == 'in_invoice'">Vendor Bill</span>
                        <span t-field="o.name" t-if="o.state not in ['cancel', 'draft']"/>
                    </h4>
                </div>
            </div>
            <div  t-if="o.partner_shipping_id and o.partner_shipping_id != o.partner_id" class="col-5 float-left mt8" t-attf-style="border: 1px solid {{style.text_color}}; padding:15px;">
                <div t-if="o.partner_shipping_id and o.partner_shipping_id != o.partner_id" t-attf-style="padding-top:5px; padding-bottom:0px;">
                    <span t-attf-style="font-size:{{int(style.body_font)+6}}px; font-weight:bold;"><i class="fa fa-truck "/> Shipping Address:</span>
                </div>
                <address t-field="o.partner_shipping_id" style="margin-bottom:0px;" t-options='{"widget": "contact", "fields": ["name", "address", "phone",  "email", "website"], "no_marker": false}'/>
                <span t-if="o.partner_id.vat">VAT: <span t-field="o.partner_id.vat"/></span>

            </div>
            <div class="col-12 float-left" style="padding:8px;"/> <!--Spacing-->
            <div class="col-12 float-left" t-attf-style="border:1px solid {{style.text_color}}; padding-left:0px; padding-right:0px; padding-bottom:0px; padding-top:5px;"><!--start of wrapper -->
                <t t-set="div_style" t-value="'width:auto;max-width:100%;font-size:{}px;padding-left:10px; padding-right:10px; float:left; margin-left:25px;'.format(int(style.body_font)+2)"></t>
                <div t-if="o.fiscal_position_id" t-attf-style="{{div_style}}">
                    <strong style="white-space:nowrap;">Fiscal Position:</strong>
                    <p t-field="o.fiscal_position_id"/>
                </div>
                <div t-if="o.invoice_origin" t-attf-style="{{div_style}}">
                    <strong style="white-space:nowrap;">Source Document:</strong>
                    <p t-field="o.invoice_origin"/>
                </div>
                <div t-if="o.ref" t-attf-style="{{div_style}}">
                    <strong style="white-space:nowrap;">Reference:</strong>
                    <p t-field="o.ref"/>
                </div>
                <div t-if="o.invoice_date_due" t-attf-style="{{div_style}}">
                    <strong style="white-space:nowrap;">Due Date:</strong>
                    <p t-field="o.invoice_date_due"/>
                </div>
                <div t-if="o.invoice_date" t-attf-style="{{div_style}}">
                    <strong style="white-space:nowrap;">Invoice Date:</strong>
                    <p t-field="o.invoice_date"/>
                </div>


            </div> <!--end of wrapper2-->
            <div class="col-12 float-left" style="padding:8px;"/> <!--Spacing-->
                <!-- DATA-->
            <t t-call="professional_templates.invoice_lines"/>
                <!--/DATA-->
        </div><!--End of PAGE-->
        <!--FOOTER -->
        <div class="footer" t-attf-style="font-size:{{style.footer_font}}px !important;font-family:{{style.font_family}} !important;">
            <t t-call="professional_templates.company_footer"/>
        </div>
        <!--/FOOTER-->

    </template>
</data>
</odoo>
